geo,name,1990,1991,1992,1993,1994,1995,1996,1997,1998,1999,2000,2001,2002,2003,2004,2005,2006,2007,2008,2009,2010,2011,2012,2013,2014,2015,2016,2017,2018,2019,2020,2021
afg,Afghanistan,14.07,14.09,14.15,14.26,14.3,14.4,14.44,14.45,14.42,14.44,14.63,14.75,14.81,15.39,16.05,16.63,17.15,17.64,18.15,18.61,19.11,19.62,20.32,20.87,21.42,22.07,22.8,23.6,24.33,25.12,25.87,26.61
ago,Angola,15.96,16.02,16.14,16.53,16.89,16.79,16.09,15.99,16.78,17.27,17.37,17.38,17.85,18.38,18.93,19.05,19.4,19.7,20.44,21.02,21.53,22.01,22.38,22.73,22.75,23.16,23.73,24.48,25.08,25.82,26.47,26.93
alb,Albania,17.12,17.27,16.59,16.05,15.92,17.21,18.7,19.9,20.9,22.39,23.23,23.8,24.75,25.96,26.81,27.88,28.19,27.72,28.56,28.64,29.37,29.63,30.14,30.69,31.35,32.13,33.04,33.17,33.15,33.42,30.26,30.5
and,Andorra,79.4,80.57,81.26,84.12,87.78,90.78,94.84,96.56,97.59,97.77,97.38,97.59,97.07,97.45,99.01,99.7,101.35,100.95,101.63,102.37,102.17,102.7,102.63,103.35,104.06,104.11,105,105.49,105.61,105.44,85.88,85.39
are,UAE,49.99,53.24,54.09,56.42,57.1,56.04,57.32,60.04,62.72,64.51,68.55,71.85,72.28,74.67,82.05,88.77,92.05,101.76,108.16,109.51,102.52,103.54,104.42,124.48,141.65,151.66,169.23,169.34,166.83,164.4,136.86,131.81
arg,Argentina,51.36,52.27,53.12,54.01,54.93,56.53,58.95,60.31,60.48,60.65,60.69,61.06,61.48,62.27,60.94,61.09,60.87,60.77,59.37,60.03,59.62,59.37,59.56,58.66,57.81,58.4,59.38,59.22,58.15,58.38,56.96,53.86
arm,Armenia,58.42,55.27,59.11,59.23,56.67,58.86,62.9,62.56,66.54,68.11,67.02,67.89,66.99,68.63,67.01,62,60.33,60.18,62.67,63.57,64.22,62.79,61.31,56,55.23,59.44,56.95,50.95,52.04,51.16,49.89,48.84
atg,Antigua and Barbuda,58.5,59.87,62.26,63.47,67.37,67.53,66.3,62.92,62.4,64.66,70.74,67.88,70.07,69.4,70.93,68.46,68.22,71.65,71.9,75.11,77.87,81.53,83.26,83.77,87.65,89.86,92.6,93.05,94.81,96.9,87.18,87.39
aus,Australia,77.06,79.07,79.63,83.21,87.58,89.47,90.79,92,91.97,90.98,91.02,90.93,92.14,91.36,91.14,91.15,90.43,90.75,91.85,91.94,92,91.78,90.46,91.26,90.23,89.49,87.78,83.67,83.09,84.17,78.82,79.28
aut,Austria,77.17,77.18,77.66,78.7,81.08,83.35,84.59,82.88,81.75,80.12,80.88,78.79,78,79.36,77.18,78.94,79.21,78.54,76.25,77.4,75.86,75.99,74.99,74.56,74.95,73.64,72.36,70.91,73.18,70.95,66.29,63.75
aze,Azerbaijan,30.07,30.48,31.43,31.91,32.35,32.21,31.58,30.95,30.38,29.85,29.06,27.95,27.8,28.2,28.27,29.13,29.43,30.33,31.34,32.24,32.97,33.14,33.44,33.05,33.17,33.64,33.86,34.01,33.86,34.38,32.57,32.37
bdi,Burundi,19.32,19.57,19.79,20.11,20.28,20.4,20.57,20.39,20.17,19.97,19.5,18.93,18.45,18.22,18.32,18.2,18.12,17.9,17.72,17.9,18.09,18.23,18.33,18.44,18.63,18.71,18.82,19.12,19.34,19.72,19.83,20.04
bel,Belgium,102.68,103.18,104.02,102.9,107.1,109.6,108.51,108.31,110.17,108.77,107.4,105.54,106.09,107.85,107.54,108.26,107.1,108.72,107.69,106.56,105.87,102.78,98.21,98.06,94.64,91.81,90.63,89.44,88.94,86.58,77.8,82.7
ben,Benin,14.15,14.27,14.45,14.57,14.78,15.02,15.18,15.3,15.38,15.4,15.62,15.55,15.53,15.44,15.37,15.5,15.62,15.89,16.06,16.47,16.96,17.36,17.67,17.78,17.87,17.86,18.11,18.22,18.11,18.47,19.06,19.31
bfa,Burkina Faso,24.67,24.72,24.77,24.87,25.03,25.22,25.64,26.03,26.58,26.61,26.6,26.48,26.13,26.22,26.44,26.64,26.91,26.81,26.47,26.35,26.87,27.59,28.08,28.71,29.3,29.62,30.78,31.01,30.59,30.42,30.38,30.61
bgd,Bangladesh,8.43,8.39,8.72,8.91,9.08,9.52,9.66,9.77,9.85,10.07,10.41,10.74,10.38,10.17,10.07,10.37,10.61,10.86,11.09,11.35,11.62,11.69,11.98,12.24,12.35,13.09,13.59,14.04,14.53,14.94,15.44,15.89
bgr,Bulgaria,55.04,55.83,56.57,52.74,56.09,57.33,57.8,60.62,56.44,57.93,59.95,60.32,61.44,61.93,64.14,65.56,65.2,66.07,66.96,65.03,65.39,68.31,69.58,71.9,79.22,78.08,77.2,76.98,78.17,75.77,76.05,76.93
bhr,Bahrain,58.11,60.43,62.49,64.53,66.89,68.66,70.67,73.06,75.54,77.66,80.79,85.34,87.23,88.96,90.19,90.75,93.23,94.46,95.47,95.45,93.7,95.62,97.81,99.64,99.63,100.27,102.52,103.58,105.44,109.53,110.79,111.52
bhs,Bahamas,75.38,76.09,73.36,74.27,74.34,73.27,78.21,77.25,79.36,83.21,86,88.77,90.42,88,89.63,85.22,89.58,90.17,89.9,93.13,100.04,102.12,102.68,103.84,101.96,99.09,100.15,99.31,98.68,98.13,97.07,96.91
bih,Bosnia and Herzegovina,27.91,28.96,29.36,29.26,29.13,28.98,29.73,30.91,31.86,34.59,36.29,37.61,39.21,40.85,43.17,44.11,45.91,48.8,48.02,49.23,50.17,49.82,50.21,50.89,51.77,52.57,52.31,53.08,52.26,53.6,50.55,47.8
blr,Belarus,41.12,46.06,51.44,53.35,50.73,46.07,47.91,53.02,54.08,55.03,47.7,50.26,46.81,45.94,45.09,44.79,46.72,47.6,45.37,46.92,46.74,48.59,44.82,48.29,47.6,45.31,46.9,46.29,48.32,51.05,51.48,52
blz,Belize,18.83,19.78,20,20.73,21.45,21.18,22.34,23.42,25.46,25.52,26.5,27.19,27.42,27.07,27.86,28.8,29.55,30.19,30.05,30.55,31.8,31.46,32.46,32.06,32.19,31.09,30.38,31.79,33.3,33.45,31.44,31.8
bol,Bolivia,22.12,22.57,23.14,23.71,24.23,24.84,25.28,25.9,26.17,26.5,26.65,26.72,27.1,27.14,27.45,27.98,28.34,29.02,29.33,29.57,29.79,30.01,30.19,30.49,30.89,31.37,31.93,32.67,33.19,33.67,33.91,34.14
bra,Brazil,30.14,30.24,31.41,32.61,33.53,33.98,34.3,34.69,35.66,36.07,36.15,36.47,36.8,36.8,36.99,36.36,36.58,36.4,36.99,37.31,37.82,38.43,38.38,38.56,38.72,39.44,40.58,40.31,40.85,41.67,42.54,43.89
brb,Barbados,72.68,74.8,74.17,75.71,74.47,76.04,75.82,77.97,83.91,86.96,88.89,92.45,93.97,96.98,95.92,94.7,92.72,95.77,97.49,103.85,107.92,113.85,112.25,108.01,107.79,108.23,108.36,108.42,108.27,108.32,104.99,100.93
brn,Brunei,33.47,33.48,33.33,33.07,33.08,32.72,32.65,32.86,32.85,33.54,34.14,34.71,35.51,36.32,37.48,38.08,39,39.83,40.42,41.71,43.03,44.07,45.18,46.03,47.49,49.12,50.71,51.89,52.54,52.95,51.7,49.27
btn,Bhutan,9.74,9.89,10.09,10.36,10.52,10.76,10.75,10.97,10.85,10.7,10.96,10.93,10.87,11,11.14,11.33,11.46,11.68,11.95,12.24,12.64,12.95,13.13,13.33,13.47,13.77,14.1,14.46,14.77,15.05,15.28,15.44
bwa,Botswana,22.13,22.93,23.72,24.17,24.19,23.68,22.64,21.21,19.57,20.19,21.76,23.21,24.41,24.68,24.08,23.37,22.48,25.25,28.04,30.26,32.13,33.39,33.58,34.49,34.97,34.82,33.68,32.77,32.36,32.48,32.59,32.47
caf,Central African Republic,18.47,18.71,18.41,19.01,19.15,18.97,19.38,19.23,19.59,19.84,19.56,19.56,19.8,19.85,19.85,19.94,20.19,20.15,19.91,20.04,20.71,21.13,21.23,21.53,21.4,21.28,21.45,21.63,21.86,22.17,22.29,22.4
can,Canada,100.41,101.46,101.77,101.04,102.84,102.76,105.25,105.24,104.05,102.37,101.1,100.31,100.51,100.62,98.33,96.02,96.74,96.94,95.45,92.65,91.24,88.97,88.12,85.57,85.99,84.91,86.04,85.3,84.18,82.46,77.54,77.64
che,Switzerland,74.25,74.68,74.88,76.71,83.34,91.96,92.24,94.33,94.24,92.28,95.2,94.67,94.22,93.83,92.76,91.82,91.98,90.62,91.47,91.12,91.43,88.11,86.52,83.83,80.91,78.22,77.9,74.68,74.94,70.27,63.4,63.56
chl,Chile,30.93,30.91,30.31,30.35,31.23,32.54,32.76,31.69,32.68,32.56,32.71,33.02,32.94,33.45,34.02,34.93,34.99,34.88,35.57,37.96,38.19,38.24,38.3,38.44,38.4,39.62,39.31,38.96,39.22,39.66,37.16,37.71
chn,China,17.84,18.14,18.51,18.96,19.5,19.96,20.42,20.76,21.25,21.82,22.28,22.65,22.96,23.57,24.49,25.6,26.48,27.32,27.86,28.27,29.04,29.57,29.53,29.77,30.22,30.38,30.9,32.39,33.83,35.23,36.35,37
civ,Cote d'Ivoire,22.08,22.12,22.04,22.51,22.66,22.74,22.78,22.92,23.45,24.2,24.94,25.49,25.77,26.11,26.4,27.09,27.65,27.82,27.9,28.1,28.32,28.52,29.51,31.1,31.91,32.02,32.41,32.95,33.1,32.89,33.46,33.91
cmr,Cameroon,19.22,19.61,20.03,20.31,20.44,20.4,20.33,20.47,20.53,20.6,20.81,20.77,20.87,20.76,20.71,20.86,21.16,21.52,21.91,22.48,22.95,23.34,23.71,24.07,24.59,24.73,25.2,25.57,26,26.46,26.83,27.24
cod,"Congo, Dem. Rep.",16.67,16.81,16.73,16.51,16.26,16.42,16.72,16.05,16.04,16.02,16.09,16.05,15.98,16.18,16.22,16.38,16.7,16.98,17.38,17.76,18.31,18.87,19.5,20.19,21.05,21.77,22.45,23.04,23.68,24.34,25.03,25.54
cog,"Congo, Rep.",27.36,27.48,27.7,28.18,30.14,30.51,31.18,32.03,30.86,31.4,31.31,30.07,29.95,30.92,31.53,32.55,33.3,34.19,34.67,35.02,35.83,36.26,37.21,38.42,39.84,40.46,40.86,41.61,42.41,43.35,43.97,44.23
col,Colombia,36.45,36.77,37.08,38.35,38.97,38.86,39.64,39.59,39.61,40.49,41.15,41.61,41.79,43.75,42.8,41.03,41.67,42.7,43.5,46.2,48.52,47.94,49.55,50.05,51.98,53.41,57.22,58.14,61.43,62.67,64.1,64.69
com,Comoros,21.16,21.81,22.38,22.9,23.49,23.7,24.05,24.29,24.47,24.59,25.27,25.57,25.88,26.12,25.01,26.33,25.57,27.46,28.25,27.16,27.1,27.74,27.82,27.93,30.35,30.65,31.22,31.56,31.3,32.2,33.26,33.65
cpv,Cape Verde,21.46,21.69,21.57,21.29,20.73,19.87,18.9,18.07,17.62,17.59,17.83,18.24,18.73,19.18,19.57,19.9,20.15,20.58,21.22,21.96,22.79,23.46,24.02,24.81,25.67,26.3,26.8,26.72,26.82,27.03,27.49,27.63
cri,Costa Rica,43.95,43.78,43.75,45.5,47.94,49.82,48.5,48.2,50.65,51.02,49.76,52.67,53,58.65,58.63,54.13,64.15,57.43,59.43,56.74,67.18,65.69,68.2,72.42,70.4,70.57,73.32,77.02,77.01,76.31,76.31,81.62
cub,Cuba,51.66,53.04,54.13,54.56,55.13,55.18,56.6,54.56,53.27,53.64,53,54.99,53.79,56.44,57.01,58.52,57.94,59.95,61.46,61.64,61.78,59.32,61.49,60.69,60.78,61.87,59.98,59.01,60.55,62.52,61.2,61.04
cyp,Cyprus,61.75,63.54,66.32,68.67,70.07,71.57,72.17,74.5,76.35,77.14,78.99,80.48,83.37,87.27,91.52,97.48,102.5,105.33,107.39,107.56,109.03,110.05,109.46,108.87,106.16,104.82,101.31,100.88,100.88,101.2,94.52,92.61
cze,Czech Republic,57.07,60.07,61.01,63.09,66.88,71.19,67.52,70.03,68.98,69.37,70.21,71.49,70.62,74.34,71.83,74.83,73.48,72.41,72.13,68.88,67.79,65.91,63.47,62.29,58.99,59.57,61.95,59.92,60.3,62.39,58.46,59.28
deu,Germany,74.85,77.11,78.21,80.92,83.12,88.33,92.64,92.56,91.4,89.58,89.67,90.22,91.02,91.04,91.49,92.72,94.04,96.03,99.27,99.19,97.84,97.16,96.3,95.92,92.34,92.68,93.81,92.91,93.26,91.4,87.91,85.99
dji,Djibouti,23.23,23.06,23.38,24.56,23.8,24.69,24.74,24.38,25.2,25.49,25.78,26.08,26.39,26.16,27.16,27.29,27.38,27.93,28.24,28.3,28.9,29.32,29.6,29.86,29.81,30.38,30.94,31.72,31.86,32.68,33.05,33.74
dma,Dominica,51.02,52.07,52.59,52.33,52.47,52.5,52.8,53.56,54.4,55.62,56.69,58.05,58.95,57.08,57.09,56.8,57.19,57.67,58.49,59.94,61.75,62.98,63.55,63.87,64.25,64.94,65.74,66.02,65.98,66.07,66.23,66.32
dnk,Denmark,97.56,99.46,103.21,100.76,94.83,97.32,98.17,99.27,96.54,98.25,97.08,98.46,99.73,97.05,97.31,98.94,100.15,103.01,105.25,107.79,104.79,99.24,96.21,93.4,92.02,86.98,85.92,82.15,80.09,76.47,74.91,72.22
dom,Dominican Republic,20.9,21,21.25,21.93,21.98,22.64,23.59,24.32,24.82,24.99,25.31,25.91,27.12,28.61,29.71,30.4,31.33,31.82,32.08,32.31,32.55,32.26,32.29,32.22,31.93,31.59,32.12,32.58,32.69,32.46,31.38,31.47
dza,Algeria,15.18,15.19,15.44,15.72,15.88,16.26,16.3,16.42,16.54,17.08,17.62,18.24,19.05,19.98,20.82,21.67,22.33,22.88,23.51,24.07,24.32,24.78,25.09,25.52,25.85,26.16,26.49,27.2,27.95,28.59,28.96,29.42
ecu,Ecuador,15.3,15.97,15.75,15.45,16.3,17.67,20.17,19.74,20.14,20.88,21.59,23.29,23.41,25.11,24.88,25.73,26.66,25.43,26.13,26.79,26.76,24.8,27.58,28.06,27.89,27.72,29.12,29.97,31.56,32.7,30.96,31.35
egy,Egypt,17.19,17.72,18.22,19.31,20.18,20.61,21.83,22.98,23.82,24.6,25.13,27.44,30.95,35.04,38.64,41.57,43.93,44.93,46.2,47.14,47.48,46.72,48.08,47.62,49.88,52.04,52.92,52.73,54.62,56.03,57.48,59.07
eri,Eritrea,21,21.24,21.16,21.21,21.65,22.14,22.61,23.11,23.59,24.18,24.78,24.93,25.53,25.9,26.39,26.56,26.7,26.82,27.04,27.33,27.6,27.84,28.18,28.5,28.91,29.27,29.73,30.19,30.84,31.36,31.85,32.28
esp,Spain,67,67.85,68.9,70.94,72.53,74.5,74.17,74.37,74.28,73.37,72.54,72.92,72.37,72.79,72.51,73.6,75.23,75.89,75.52,73.62,72.46,72.2,70.73,70.69,68.23,67.98,67.62,67.51,67.04,66.01,60.45,62.07
est,Estonia,50.38,54.67,52,54.87,56.43,53.59,51.61,52.49,55.44,53.64,55.57,57.02,54.01,53.65,52.72,54.02,55.08,56.11,56.27,55.12,52.74,57.19,57.05,55.5,54.86,55.92,59.9,55.23,54.56,55.97,55.93,54.28
eth,Ethiopia,20.6,20.55,20.55,20.58,20.79,21.12,21.28,21.36,21.38,21.4,21.35,21.23,20.95,20.76,20.77,20.96,21.11,21.27,21.45,21.66,22.08,22.25,22.49,22.91,23.34,23.55,24.06,24.84,25.51,26.25,26.99,27.58
fin,Finland,73.37,72.73,74.98,75.57,76.5,82.13,82.44,85.04,85.47,86.67,87.8,87.32,87.16,86.78,90.31,92.85,93.27,93.94,93.34,94.05,96.47,94.25,94.9,93.57,90.65,86.89,88.17,89.27,86.29,84.65,82.37,80.66
fji,Fiji,50.46,51.05,51.47,51.87,51.87,51.82,51.92,51.61,50.6,51.11,50.97,48.54,48.01,48.72,47.51,47.76,48.22,49.2,50.36,51.12,51.93,52.98,53.34,53.7,54.17,54.93,55.74,56.54,57.18,57.55,57.8,57.91
fra,France,79.89,81.11,83.13,85.27,87.17,90.18,92.47,93.99,95.36,97.8,97.93,98.14,99.25,100.26,101.73,104.84,108.37,108.47,110.03,109.78,107.97,105.49,105.35,106.21,106.97,108.5,109.07,109.18,107.95,106.37,102.88,98.38
fsm,"Micronesia, Fed. Sts.",35.99,36.82,37.66,38.51,39.28,40,40.44,40.79,41.13,41.25,41.42,41.31,41.23,41.3,41.48,41.94,42.32,42.86,43.41,44.2,45.03,45.65,46.23,46.71,47.15,47.55,47.81,48.06,48.36,48.81,49.16,49.31
gab,Gabon,27.19,27.88,28.19,28.06,29.14,30.14,30.64,31.07,31.62,32.05,33.04,33.93,34.14,35.04,35.3,34.93,35.13,35.22,35.58,35.49,35.16,35.61,35.92,36.12,37.14,38.32,39.15,40.06,40.93,42.1,42.84,43.1
gbr,UK,103.9,104.31,105.07,106.91,107.56,107.62,106.78,106,105.6,105.4,105.09,103.63,103.12,102.43,101.81,103.21,104.7,104.44,103.83,101.27,98.93,99.47,98.22,96.51,94.79,94.24,93.7,91.27,90.95,88.95,83.06,83.71
geo,Georgia,58.97,57.69,56.36,55.17,56.27,59.35,64.31,66.07,65.62,66.09,64.3,63.35,63.43,63.61,58.42,54.61,52.04,51.31,60.06,61.03,59.9,63.24,63.67,61.9,61.78,67.54,72.82,68.66,67.56,64.56,63.18,63.86
gha,Ghana,23.38,23.88,24.33,24.52,24.77,25.12,25.4,25.7,25.87,26.17,26.61,27.14,27.32,27.48,27.39,27.33,27.23,27.23,26.94,26.93,27.04,27.19,27.15,27.46,27.88,28.08,28.75,29.29,29.99,30.51,30.98,31.32
gin,Guinea,15.63,15.8,15.97,16.15,16.38,16.47,16.57,16.75,17.23,17.62,17.79,18.12,18.34,18.58,18.77,18.92,19.26,19.51,19.71,19.86,20.11,20.37,20.56,20.89,21.34,21.55,21.96,22.25,22.59,22.92,23.24,23.54
gmb,Gambia,8.3,8.54,8.85,8.87,8.83,9.46,9.16,9.2,9.65,10.22,9.9,9.8,9.82,10.21,10.98,11.23,11.07,11.23,10.96,11.24,11.14,10.21,10.39,11.03,12.32,12.02,13.08,14.03,14.16,14.85,14.84,15.07
gnb,Guinea-Bissau,18.06,18.24,18.43,18.65,18.88,19.07,19.21,19.42,19.67,19.95,20.24,20.44,20.76,21.11,21.61,21.9,22.27,22.6,22.83,23.14,23.41,23.57,23.75,24.23,24.66,24.93,25.42,25.83,26.38,26.79,26.96,27.04
gnq,Equatorial Guinea,17.2,17.38,17.38,17.79,18.05,18.67,19.35,19.53,20.1,21.06,22,22.77,23.49,24.9,26.25,27.1,27.88,28.47,29.7,31.69,33.76,34.91,34.78,34.23,34.37,35.8,37.58,38.52,39.5,40.73,41.78,42.45
grc,Greece,82.22,82.76,86.11,87.59,88.65,87.92,88.66,87.02,86.96,88.16,89.19,91.03,92.55,90.31,92.68,91.95,90.38,89.77,89.69,85.27,85.59,80.85,82.14,80.97,80.81,80.97,83.93,82.08,82.28,82.41,83.46,83.59
grd,Grenada,50.32,51.2,52.76,55.84,55.97,53.4,52.76,50.96,50.13,48.74,49.44,50.6,54.06,54.35,52.88,52.42,54.81,57.73,59.15,60.71,63.77,65.98,68.64,68.81,69.89,70.52,70.61,70.76,73.19,75.06,75.43,74.96
gtm,Guatemala,10.8,11.17,13.08,14.28,15.13,13.25,12.45,14.08,16.07,15.77,18.68,16.83,17.77,18.09,19.61,20.29,20.77,19.03,19.51,21.56,22.85,23.05,23.3,23.69,23.54,25.22,25.37,25.7,26.38,25.98,24.77,25.11
guy,Guyana,33.46,32.28,30.4,32.09,30.04,31.45,34.93,35.68,35.46,37.65,48.77,42.05,42.48,40.18,40.33,40.81,38.97,42.24,42.49,41.28,43.45,44.42,46.7,47.06,47.97,47.81,48.15,48.53,48.74,48.79,49.21,49.31
hnd,Honduras,15.68,15.49,16.85,16.76,16.86,19.05,20.09,20.7,21.34,22.07,22.75,23.4,24.03,24.61,25.1,25.4,25.59,25.82,26.29,26.84,27.65,28.34,29.01,29.18,29.56,30.01,30.53,31.07,31.46,32.04,32.55,32.95
hrv,Croatia,58.58,64.92,61.88,61.79,61.55,59.68,63.84,67.52,68.56,67.96,64.05,63.78,62.79,65.5,67.95,68.34,68.06,70.32,70.68,66.54,71.01,71.27,73.56,74.71,74.94,76.63,68.67,70.12,69.36,68.29,65.12,66.09
hti,Haiti,29.67,29.37,29.82,30.13,30.46,31.01,31.25,31.86,31.52,32.61,33.21,34.02,34.47,35.2,35.93,36.46,36.54,36.74,36.75,36.81,36.69,37.49,37.61,37.7,37.92,38.23,38.39,38.49,38.82,39.09,38.93,38.79
hun,Hungary,57.44,58.74,62.23,65.35,66.36,67.77,67.85,72.11,73.64,75.08,72.89,71.23,70.74,72.46,70.75,68.77,66.78,68.62,66.88,69.18,65.03,66.15,65.52,64.65,64.52,66.81,64.35,66.11,65.16,65.33,64.41,64.96
idn,Indonesia,19.55,20.29,20.99,21.75,22.35,22.79,23.29,23.9,24.47,25.04,25.58,25.96,26.19,26.51,26.72,26.99,27.29,27.72,28.13,28.67,29.19,29.89,30.09,30.35,30.7,30.95,31.59,32.26,32.83,33.41,33.65,33.71
ind,India,12.1,12.24,12.5,12.59,12.99,13.34,13.48,13.63,13.84,13.92,14.02,14.16,14.34,14.41,14.36,14.53,14.9,15.31,15.61,15.97,16.51,16.98,17.59,18.48,19.21,20.28,21.11,21.95,22.53,22.87,23.17,23.52
irl,Ireland,93.77,95.73,97.48,93.7,90.94,91.06,90.83,93,92.07,95.17,97.89,98.45,94.03,96.36,98.74,102.02,103.54,102.73,108.59,103.87,98.06,99.13,99.86,99.11,99.21,97.5,96.62,92.79,95.47,95.51,87.44,83.67
irn,Iran,20.23,21.34,22.39,23.18,23.82,24.1,24.14,24.2,24.35,24.72,25.21,25.78,26.66,27.46,28.01,28.53,29.35,30.56,32.26,34.21,36.2,38.86,41.71,44.51,47.04,49.05,50.85,52.78,54.87,56.59,52.46,52.87
irq,Iraq,25.96,26.86,27.83,28.58,29.1,29.43,29.74,30.33,31.13,32.12,33.26,34.42,35.75,36.68,37.59,37.97,38.51,39.59,41.13,42.85,45.4,48.06,50.43,52.61,53.61,53.71,54.85,56.06,57.33,59.06,61,62.23
isl,Iceland,91.41,86.62,87.62,91.09,91.5,94.22,91.15,95.6,93.98,91.2,89.41,87.7,89.12,87.96,87.8,87.83,88.95,92.23,92.77,89.59,86.67,86.37,88.13,87.37,86.06,85.96,83.73,80.67,79.22,77.76,77.3,82.21
isr,Israel,76.57,80.51,82.58,83.59,86.71,91.46,93.02,93.01,94.04,94.83,92.67,89.74,88.41,88.32,88.68,90.53,90.21,92.17,89.98,87.18,83.33,83.36,80.98,82,79.76,78.49,78.35,78.67,77.21,77.25,70.98,68.98
ita,Italy,90.43,91.25,90.53,93.84,95.93,99.83,102.86,102.64,102.33,100.49,101.47,100.79,99.8,99.18,97.6,98.54,99.9,101.21,100.92,99.44,97.34,94.69,93.46,92.25,91.25,90.73,90.52,90.5,90.67,88.22,80.86,83.55
jam,Jamaica,44.86,44.19,45.98,47.71,49.07,50.94,55.54,58.26,59.01,61.97,64.09,66.26,62.23,60.77,58.27,55.62,54.05,55.07,58.65,66.86,67.54,68.96,69.04,69.38,76.34,77.77,77.58,77.34,77.26,77.98,76.27,77.79
jor,Jordan,34.78,35.57,35.5,37.43,38.28,40.31,42.64,43.89,45.34,46.84,49.61,51.94,54.62,57.22,62.42,67.48,69.88,66.9,67.72,68.36,68.9,70.75,72.92,74.48,74.99,73.79,72.53,70.79,68.58,68.04,68.97,69.49
jpn,Japan,32.38,33.98,34.97,36.22,38.29,41.09,43.03,45,46.25,46.71,47.42,48.26,47.56,48.21,50.64,52.77,54.95,56.19,57.5,58,59.32,60.82,60,61.5,61.89,62.63,64.12,63.78,63.81,63.65,62.63,62.28
kaz,Kazakhstan,39.39,32.56,32.11,32.58,32.98,33.78,33.83,34,32.98,33.36,34.05,34.13,33.65,33.46,33.09,34.98,36.37,36.63,36.74,36.22,37.36,36.74,38.39,35.62,34.44,34.26,33.78,33.17,33.42,32.97,32.49,32.24
ken,Kenya,15.7,15.98,16.23,16.37,16.52,16.46,16.41,16.63,16.87,17.12,17.78,17.87,18.5,19.25,19.63,19.92,20.18,20.42,20.86,21.65,22.87,23.52,24.11,24.66,25.27,25.84,26.55,27.28,28.15,29.02,29.65,30.15
kgz,Kyrgyz Republic,31.12,31.12,31.66,31.79,32.76,31.64,30.47,30.28,29.33,28.96,25.05,24.51,24.65,25.81,25.04,24.44,25.77,25.83,25.6,26.2,25.18,26.61,25,24.33,25.02,25.37,24.32,25.13,26.95,25.77,25.86,25.79
khm,Cambodia,16.98,17.25,17.66,18.16,18.74,19.26,19.73,20.09,20.44,20.84,21.15,21.58,21.96,22.25,22.73,23.31,23.79,24.47,24.99,25.54,26.1,26.79,27.54,28.38,29.19,29.97,30.73,31.42,32.11,32.77,33.21,33.55
kir,Kiribati,29.5,29.86,30.15,30.64,30.99,31.62,32.19,32.8,33.48,34.25,34.78,34.94,35.18,35.37,35.54,35.71,36.04,36.41,36.84,37.44,38,38.52,38.7,38.88,39.1,39.42,39.73,40.09,40.41,40.85,41.05,41.19
kna,St. Kitts and Nevis,69.85,61.41,59.14,58.9,62.67,64.91,65.06,64.71,63.32,63.6,62.63,60.49,62.55,60.31,59.68,59.8,62.71,65.77,65.43,66.12,67.15,69.36,69.41,70.53,69.19,67.64,65.19,64.92,64.71,64.84,64.98,65.65
kor,South Korea,12.68,13.17,13.64,14.34,15.28,16.66,18.1,19.15,19.79,20.51,21.11,21.53,22.22,23.4,25.03,27.34,29.34,31.22,32.65,33.83,34.26,34.73,35.29,36.35,37.01,37.42,37.73,37.51,38.27,38.69,38.37,38.7
kwt,Kuwait,42.55,41.64,48.12,51.59,51.78,54.09,62.08,60.83,67.61,67.58,64.47,75.81,73.95,71.86,69.54,64.51,68.45,79.98,84.09,80.04,69.06,72.05,75.26,73.63,78.11,74.74,70.19,63.08,61.01,59.7,57.1,60.79
lao,Lao,17.03,17.26,17.54,17.81,18.07,18.33,18.64,19.05,19.45,19.86,19.99,20.5,20.78,21.15,21.58,22.06,22.57,23.11,23.65,24.14,24.39,24.85,25.08,25.43,25.84,26.26,26.6,27.09,27.41,27.83,28.01,28.17
lbn,Lebanon,45.62,45.77,46.83,48.25,48.64,50.43,51.88,53.74,55.91,58.68,63.73,67.8,72.49,77.51,78.15,80.51,81.97,83.67,85.62,87.65,88.85,92.58,95.39,96.98,97.14,96.82,95.37,93.73,93.59,95.05,96.05,96.61
lbr,Liberia,14.63,14.89,14.83,14.82,15.1,15.15,15.46,15.38,15.57,15.8,16.21,16.32,16.5,16.51,16.9,17.12,17.45,17.81,18.4,19.48,20.34,20.62,21.49,22.2,22.35,22.39,22.67,22.8,22.99,23.65,24.22,24.63
lby,Libya,20.97,22.49,23.71,24.91,25.51,25.57,25.55,26.84,28.74,30.61,32.68,34.58,36.32,37.82,39.17,40.42,40.95,42.81,44.79,46.43,47.54,48.34,48.76,48.42,48.28,47.75,47.83,48.52,49.08,49.28,48.16,47
lca,St. Lucia,56.61,57.3,59.39,58.02,57.01,55.04,54.92,52.22,50.94,51.69,51.5,50.57,51.17,49.64,50.58,49.01,48.9,47.82,48.65,50.42,51.92,53.83,56.45,53.72,52.95,53.92,54.05,54.48,54.61,54.82,56.53,58.21
lka,Sri Lanka,17.27,17.12,17.5,17.63,18.3,18.53,19.29,20.07,20.01,20.49,20.76,20.4,20.88,21.88,23.2,24.48,25.28,25.45,26.02,27.32,27.31,28.23,28.26,28.8,29.18,29.72,30.04,30.54,30.97,31.24,29.13,30.38
lso,Lesotho,15.58,15.65,15.73,15.76,15.7,15.33,14.96,14.9,16.34,18.27,21.19,22.2,23.67,26.06,27.46,28.4,28.81,28.88,29.24,29.43,29.99,30.42,31.42,32.34,33.13,33.76,33.93,33.98,34.24,34.8,34.87,34.34
ltu,Lithuania,47.52,49.81,49.32,52.99,53.15,51.93,52.14,50.76,51.73,51.74,52.47,54.45,53.66,56.29,54.72,56.75,55.34,57.34,60.77,56.26,55.35,57.69,57.1,55.87,52.35,54.91,53.03,50.77,51.34,52.55,51.84,53.33
lux,Luxembourg,86.83,85.03,82.34,88.1,90.35,92.03,88.4,87.87,86.27,88.28,92,91.94,90.47,90.97,88.24,90.17,93.56,92.51,95.31,96.69,95.84,92.23,89.08,91.59,95.86,98.05,91.63,87.88,84.41,81.12,71.91,73.21
lva,Latvia,45.89,46.75,48.58,53.49,57.14,54.9,47.45,47.08,50.28,49.93,48.61,51.14,50.04,50.47,51.27,51.51,55.41,53.33,54.4,56.82,55.79,54.83,52.17,55.63,53.51,53.6,54.68,52.71,53.45,53.01,51.4,52.43
mar,Morocco,11.05,11.37,11.69,12,12.3,12.52,12.73,13.08,13.26,13.66,13.95,14.4,15.23,16.12,16.83,17.43,18.03,18.79,19.45,20.13,20.78,21.51,22.19,22.92,23.66,24.44,25.26,25.97,26.91,27.67,28.41,29.1
mco,Monaco,110.99,111.96,113.19,115.33,118.56,122.9,127.55,131.61,135.07,137.91,140.75,143.05,144.98,147.55,150.57,155.39,159.09,160.99,162.35,163.7,165.81,166.4,167.63,168.17,167.51,167.31,166.49,166.12,166.02,165.37,164.02,163.82
mda,Moldova,43.99,42.18,38.58,41.34,44.85,45.72,44.05,38.97,36.62,39.84,39.5,39.5,40.25,40.46,38.66,39.7,41.57,43.05,45.18,47.38,46.75,44.81,44.45,44.93,46.15,49.38,48.14,46.41,46.46,47.06,48.19,48.8
mdg,Madagascar,20.37,20.28,20.24,20.32,19.77,19.44,19.44,19.66,19.74,19.45,19.47,19.23,19.39,19.38,19.33,18.97,18.83,18.94,19.23,19.56,19.92,20.21,20.48,20.77,21.22,21.68,22.23,22.73,23.29,23.89,24.47,24.99
mdv,Maldives,13.75,14.42,15.12,15.6,15.89,16.72,17.76,18.62,18.94,19.37,20.06,20.56,19.8,20.02,20.28,20.63,21.09,21.37,21.54,21.63,21.78,21.7,21.58,21.32,21.14,21.3,21.4,21.58,21.58,21.46,20.51,21.16
mex,Mexico,28.7,29.33,30.76,32.11,32.98,35.05,35.95,37.11,38.14,38.23,37.68,37.95,39.18,39.34,39.27,39.65,39.69,39.13,40.32,41.54,40.33,40.37,41.54,42.29,43.38,43.72,45.58,46.06,47.38,48.22,49.23,50.73
mhl,Marshall Islands,29.67,30.85,31.96,33.08,34.01,34.77,35.15,35.54,36.04,36.54,36.98,37.36,37.81,38.17,38.56,39.02,39.47,39.71,39.96,40.5,40.99,41.45,41.75,42.04,42.44,42.79,43.04,43.39,43.75,44.18,44.38,44.5
mkd,North Macedonia,46.95,47.65,48.87,49.7,50.9,52.68,55.47,59.57,62.58,62.06,61.63,61.99,62.7,64.54,65.61,66.96,69.92,73.25,72.79,72.38,73.21,72.14,73.12,71.08,71.1,72.3,71.54,70.74,70.03,69.15,66.66,67.03
mli,Mali,18.38,18.48,18.66,18.8,19.13,19.64,19.84,19.95,20.05,20.14,20.37,20.45,20.59,20.56,20.49,20.44,20.55,20.78,21.14,21.39,21.75,21.99,22.17,22.63,22.92,23.13,23.52,23.85,24.08,24.28,24.44,24.69
mlt,Malta,83.69,83.73,83.79,89.4,90.07,86.02,86.35,85.66,87.72,85.41,86.79,84.26,82.85,83.76,84.29,87.15,89.01,88.37,87.16,91.41,89.39,87.17,84.4,85.1,83.19,81.75,79.72,77.35,78.52,78.7,73.22,80.76
mmr,Myanmar,23.45,23.82,24.16,24.52,24.79,25.08,25.3,25.56,25.9,26.21,26.62,26.82,27.16,27.59,27.88,28.03,28.14,28.01,27.94,27.94,27.9,27.98,27.62,28.07,28.64,29.11,29.58,30.1,30.55,31.1,31.5,31.81
mne,Montenegro,65.27,63.93,64.2,64.5,65.29,65.07,65.99,67.31,69.81,71.91,73.72,76.79,78.88,79.69,80.36,80.96,82.14,82.07,82.84,84.4,85.25,85.84,87.1,88.31,88.77,90.26,91.11,93.16,93.97,95.51,92.71,85.18
mng,Mongolia,7.99,8.51,8.9,9.22,9.09,9.47,9.62,9.98,9.95,9.97,9.77,9.73,9.75,9.78,9.94,10.25,10.56,10.68,10.69,10.85,10.86,10.97,11.03,11.18,11.2,11.31,11.43,11.82,12.14,12.44,11.88,11.37
moz,Mozambique,16.16,16.13,16.12,16.09,16.15,16.24,16.45,16.74,16.87,17.03,17.31,17.2,17.57,17.74,18,18.32,18.56,19.07,19.77,20.43,21.28,21.84,22.32,22.74,23.16,23.56,23.99,24.52,24.91,25.54,25.8,26
mrt,Mauritania,18.44,18.59,18.88,19.01,18.87,19.1,19.55,19.79,20.09,20.19,20.66,20.99,21.13,20.99,21.42,21.57,22.06,21.96,21.95,22.68,22.91,23.11,23.85,24.38,24.42,24.68,24.99,26.07,26.85,28.47,29.21,30.47
mus,Mauritius,20.23,19.86,26.49,29.08,32.25,30.5,28.95,29.79,31.2,35.39,37.72,39.09,38.11,42.75,41.73,41.05,38.52,36.53,39.09,39,40.63,39.98,43.16,42.93,43.94,45.2,45.89,49.23,49.31,53.73,50.08,53.58
mwi,Malawi,15.13,15.09,15.17,15.3,15.54,15.87,16.2,16.46,16.8,16.9,17.06,16.99,17.12,17.47,17.72,17.64,17.77,18.14,18.63,19.19,19.88,20.36,20.72,21.12,21.68,22.42,23.28,24.09,24.78,25.48,25.96,26.39
mys,Malaysia,32.49,32.52,33.19,34.14,33.99,35.32,35.42,36.13,36.97,40.13,39.08,39.11,40.15,41.7,42.21,42.84,43.23,43.43,44.32,45.79,47.17,47.77,48.28,49.57,51.04,54.3,55.5,57.96,58.89,60.35,57.06,61.25
nam,Namibia,23.77,24.16,24.71,25.25,25.78,26.24,26.51,27.08,27.86,29.1,30.46,30.33,31.54,33.63,34.53,35.55,35.83,36.56,37.89,39.85,41.42,42.32,43.8,45.39,47.5,48.65,49.47,49.89,50.41,50.85,51.15,51.14
ner,Niger,10.56,10.65,10.71,10.74,10.84,10.94,10.91,10.95,10.95,11.02,11.11,11.28,11.25,11.35,11.33,11.46,11.6,11.74,11.58,11.66,11.47,11.62,11.77,12.07,12.41,12.44,12.6,12.74,12.8,12.88,12.95,13.02
nga,Nigeria,24.59,25.06,25.36,25.58,25.83,26.06,26.18,26.29,26.51,26.79,27.17,27.73,28.18,28.64,29.19,29.53,29.99,30.59,30.96,32.25,33.91,35.62,36.89,38.02,38.94,39.23,40.42,41.17,41.8,42.5,42.94,43.87
nic,Nicaragua,14.79,16.06,16.59,17.6,17.25,18,18.83,18.91,19.49,20.03,20.77,22.1,23.08,23.35,24.6,25.59,24.84,26.68,27.8,28.66,28.79,29.72,30.28,30.96,32.39,32.41,34.16,34.36,34.06,34.21,31.81,31.89
nld,Netherlands,92.18,95.14,96.93,98.71,99.75,98.96,101.29,102.03,102.13,105.49,104.59,105.55,106.57,105.86,105.95,106.66,108.39,107.6,108.73,107.01,108.39,108.98,106.96,105.24,103.1,103.27,103.52,99.46,97.02,94.37,88.92,88.19
nor,Norway,64.64,66.09,67.16,69.32,73.3,74.98,80.06,80.95,81.05,79.51,80.82,81.92,82.04,81.42,82,83.08,82.08,81.71,79.93,79.04,78.35,78.7,76.15,77.48,75.42,70.92,68.66,64.5,65.52,63.6,61.98,60.61
npl,Nepal,9.85,9.91,9.95,10.08,10.14,10.12,10.06,10.02,9.99,10.02,9.94,9.92,9.94,10.03,10.11,10.23,10.38,10.63,10.92,11.23,11.58,11.88,12.16,12.49,12.77,13.29,13.65,14.03,14.27,14.55,14.85,15.07
nru,Nauru,47.25,47.45,47.66,47.17,47.48,47.53,47.75,48.2,48.65,48.58,48.48,48.64,48.35,48.24,48.07,47.96,47.96,47.88,48.01,48.51,49.02,49.65,50.39,51.31,52.38,53.34,54.22,55.15,56.15,57.24,57.77,58.25
nzl,New Zealand,107.6,103.61,99.07,99.12,96.31,97.81,102.73,102.88,101.68,102.74,100.42,98.79,97.51,96.65,97.94,98.24,96.78,96.58,95.88,96.01,94.93,94.22,94.41,94.31,94.23,94.66,93.23,91.93,91.31,90.62,86.05,89.15
omn,Oman,9.48,9.87,10.57,11.31,12.27,13.07,13.46,14.12,15.05,16.19,16.99,17.73,18.45,19.2,19.5,18.96,18.79,19.12,19.93,20.95,21.06,21,20.88,20.93,21.71,22.05,22.57,22.51,22.22,22.5,20.5,20.62
pak,Pakistan,26.47,27.6,29.08,30.6,31.96,33.11,33.69,34.35,35.04,35.85,36.85,37.59,38.16,38.68,38.82,38.78,38.8,39.02,39.5,39.92,40.23,40.57,40.63,41.1,41.39,41.99,42.57,43.4,43.84,44.56,45.33,45.91
pan,Panama,35.89,34.93,37.73,38.04,38.15,39.2,40.93,44.41,46.53,43.68,47.24,48.13,47.63,49.28,51.38,50.5,50.33,52.03,54.17,55.61,56.27,59.1,60.01,63.21,62.51,62.91,65.28,68.12,65.56,68.52,72.64,72.51
per,Peru,21.18,21.12,22.68,23.05,24.54,26.06,25.99,27.07,27.4,26.76,26.58,26.13,27,27.15,26.19,26.21,25.78,25.04,25.99,28.19,28.61,28.79,28.96,29.2,29.09,29.2,29.95,32.57,34.37,36.37,34.59,34.63
phl,Philippines,29.39,29.2,29.9,30.35,30.69,31.04,31.65,31.96,32.49,32.74,33.6,34.35,34.62,34.47,34.24,34.09,33.73,33.54,33.83,34.45,35,35.63,36.44,37.15,37.85,39.27,40.35,40.97,41.77,42.79,42.68,43.3
plw,Palau,68.71,69.94,71.13,72.17,73.05,73.89,74.86,75.87,76.96,77.44,76.78,76.06,75.11,73.84,73.78,73.64,73.16,73.04,73.03,73.56,74.17,75.02,75.64,76.67,76.04,75.66,76.32,76.77,76.39,76.32,75.89,76.33
png,Papua New Guinea,23.86,24.46,24.6,24.8,24.92,25.08,25.63,25.46,25.64,25.77,25.93,25.79,25.55,25.03,24.49,24.27,24.01,23.85,23.43,23.11,24.14,24.75,24.91,24.5,24.95,25.95,25.9,26.56,26.73,27.52,27.48,27.29
pol,Poland,40.69,42.01,43.37,43.48,45.34,47.36,47.81,49.27,50.77,52.51,52.45,52.68,53.06,53.7,54.51,56.22,57.17,57.15,57.26,57.81,56.54,58.25,58.89,59.32,60,60.79,60.67,61.79,62.16,61.63,58.65,59.78
prk,North Korea,16.08,16.26,16.41,16.58,16.71,16.83,16.9,16.95,17.07,17.26,17.49,17.74,18.05,18.49,19.01,19.66,20.32,20.93,21.54,22.07,22.52,22.73,22.96,23.08,23.28,23.53,23.88,24.18,24.51,24.84,24.96,25.04
prt,Portugal,64.44,66.57,68.15,68.74,69.63,71.3,73.86,76.07,76.01,74.64,75.05,75.27,73.59,72.68,73.03,83.18,85.52,82.46,80.43,80.77,80.46,79.07,79.89,76.44,74,73.97,75.85,76.19,73.91,74.59,69.66,70.55
pry,Paraguay,23.58,23.96,25.53,26.86,27.71,28.81,29.76,30.13,31.02,32.33,33.68,34.07,35.04,35.99,36.87,37.07,37.41,37.14,37.57,38.34,39.05,39.57,39.85,41.02,41.22,42.03,43.74,43.31,43.85,44.61,42.91,43.65
pse,Palestine,39.44,40.15,40.94,41.57,42.11,42.48,42.87,43.77,44.87,46.24,47.68,48.8,49.93,50.94,52.36,52.89,53.68,55.62,57.73,60.08,62.68,66.34,67.48,68.01,69.4,69.61,70.53,71.14,71.88,73.34,73.15,76.53
qat,Qatar,66.74,68.12,70.85,75.04,76.2,74.4,74.84,76.04,76.97,78.75,78.73,82.69,87.75,92.79,97.45,100.92,108.11,117.3,120.78,120.85,118.66,120.56,121.92,126.88,131.5,131.75,136.17,138.08,139.1,137.86,124.79,125.28
rou,Romania,34.24,34.18,34.89,35.8,37.4,39.76,40.86,40.89,42.07,42.75,43.05,44.59,45.4,45.67,45.85,47.42,46.79,46.29,46.6,48.72,49.23,47.86,49.72,50.38,53.21,53.67,54.61,55.61,54.97,54.17,53.07,55.54
rus,Russia,37.34,38.89,41.59,46.04,47.65,45.62,44.13,42.88,42.74,45.09,45.24,44.96,45.11,46.7,47.67,51.21,49.57,48.83,50.63,50.82,52.82,51.52,51.62,52.51,54.94,55.4,55.34,53.88,55.35,55.4,55.34,57.35
rwa,Rwanda,26.27,26.82,27.46,28.27,28.3,27.88,27.58,27.74,27.78,27.27,26.53,25.58,24.95,24.61,24.55,24.59,24.85,25.08,25.32,25.51,25.93,26.35,26.77,27.22,27.71,28.19,28.63,29.24,29.77,30.56,31.38,31.91
sau,Saudi Arabia,15.38,16.3,17.26,18.21,19.15,19.71,20.28,21.36,22.54,23.89,25.39,26.73,28.02,29.07,29.84,31.1,32.31,33.87,35.33,36.76,37.73,38.57,39.4,40.77,42.09,42.75,44.26,44.81,45.34,45.67,45.83,46
sdn,Sudan,9.54,9.69,9.84,9.98,10.12,10.23,10.35,10.51,10.71,10.93,11.21,11.47,11.94,12.37,12.68,12.82,13.01,13.35,13.87,14.48,15.06,15.67,16.15,16.57,17.18,17.77,18.5,19.12,19.78,20.47,21.19,21.83
sen,Senegal,14.91,15.32,15.66,15.93,16.19,15.99,16.15,16.07,16.31,16.5,15.79,18.48,18.65,18.26,18.72,18.57,18.35,18.83,19.4,20.25,20.1,20.66,20.71,21.58,22.52,22.25,23.19,23.4,23.53,24.66,24.97,25.2
sgp,Singapore,40.68,38.79,39.41,41,41.06,43.96,44.86,46.77,47.85,50.02,50.58,53.19,54.03,52.92,56.1,56.59,59.07,57.89,60.13,59.43,59.18,59.26,59.64,59.1,58.07,58.71,63.84,67.15,63.78,63.09,59.97,57.63
slb,Solomon Islands,19.15,20.01,20.41,20.93,21.41,21.41,21.81,22.53,22.88,22.87,23.26,23.05,23,23.04,22.94,23.08,23.52,23.39,22.96,24.32,24.51,26.52,27.47,28.21,29.2,29.55,29.37,30.08,30.56,31.29,31.63,31.23
sle,Sierra Leone,12.94,12.92,12.98,13.01,13.04,13.26,13.38,13.49,13.61,13.69,13.91,14.34,14.81,15.31,15.77,16.17,16.45,16.81,16.79,17.12,17.77,18.14,18.74,19.24,19.76,19.8,20.13,20.6,20.86,21.3,21.61,21.92
slv,El Salvador,17.74,17.75,18.52,19.22,20.47,20.58,22.85,24.93,26.74,28.03,28.72,30.51,31.04,31.84,33.1,33.72,34.42,35.13,35.26,37.19,37.19,38.42,37.48,38.66,39.65,42.08,43.03,44.06,43.37,45.36,46.09,46.49
smr,San Marino,68.04,68.5,69,69.5,70.66,72.08,73.23,74,74.56,74.59,74.85,75.51,75.88,76.16,76.31,77.34,78.32,78.09,77.43,76.97,76.69,75.88,75.34,75.31,75.69,76.05,76.95,77.56,77.02,76.44,55.01,51.92
som,Somalia,15.11,15.08,15.12,15.17,15.31,15.48,15.6,15.7,15.77,15.78,15.8,15.72,15.67,15.64,15.64,15.57,15.61,15.65,15.77,15.91,16.03,16.14,16.12,16.17,16.21,16.22,16.27,16.34,16.45,16.5,16.5,16.45
srb,Serbia,54.3,56.22,57.79,59.28,61.63,64.47,67.29,69.11,64.16,66.96,67.49,67.05,65.92,67.29,68.05,71.59,72.6,72.45,73.84,74.34,73.72,73.34,73.99,72.55,74.01,75.47,75.63,76.57,75.93,76.12,75.72,75.88
ssd,South Sudan,16.87,16.9,17.02,17.03,17.05,17.26,17.17,16.5,16.53,16.45,16.42,15.88,15.69,16.05,16.32,16.22,16.54,16.73,16.84,17.17,17.47,17.7,18.07,18.45,18.82,18.96,19.31,19.67,20.2,20.58,20.89,21.18
stp,Sao Tome and Principe,14.44,14.74,15.18,15.62,16.02,15.85,16.47,17.1,18.02,18.69,19.18,19.66,20.11,20.3,20.66,20.14,20.8,21.17,21.2,21.76,22.71,22.81,23.15,23.85,25.13,25.58,26.26,26.91,27.58,28.3,28.85,29.17
sur,Suriname,29.77,30.51,31.36,32.26,31.79,30.08,29.28,29.91,30.91,32.65,33.2,34.38,36.02,36.54,36.74,36.36,35.85,35.5,35.95,36.31,36.19,36.12,36.08,36.87,37.94,38.8,39.22,39.55,40.07,40.61,40.12,37.47
svk,Slovak Republic,45.32,46.62,46.64,48.24,49.41,50.61,50.12,53.33,53.65,54.81,54.12,56.29,55.61,56.14,56.84,57.71,58.44,60.47,58.78,60.04,58.39,59.94,60.26,60.79,60.08,61.22,60.48,61.81,62.05,61.91,60.03,60.41
svn,Slovenia,58.12,62.81,65.17,67.74,67.21,66.71,68.49,67.3,70,74.63,70.08,72.27,71.95,74,76.54,74.74,71.98,74.33,73.42,72.41,71.06,71.22,72.85,72.09,69.51,73.06,69.34,73.33,73.28,67.92,61.38,60.21
swe,Sweden,77.04,77.52,79.17,79.48,78.61,82.22,84.04,85.77,89.07,87.03,88.5,86.95,89.07,91.93,93.91,93.2,92.1,90.65,91.64,89.63,90.44,92.12,91.8,91.07,90.02,85.55,85.1,77.65,72.53,71.28,65.47,64.21
swz,Eswatini,21.63,22.29,22.73,23.02,23.36,23.86,24.16,24.66,25.61,27.26,29.61,31.43,33.5,34.73,35.9,36.75,36.79,36.94,36.69,36.81,36.69,36.51,36.75,37.08,37.27,37.22,37.34,37.57,37.8,37.92,37.85,37.71
syc,Seychelles,25.78,26.89,28.35,29.9,31.42,32.89,34.97,37.16,39.18,40.64,41.82,42.77,43.76,44.52,44.88,45.38,45.93,46.47,46.36,46.2,46.53,46.96,47.54,48.15,48.91,49.51,50.35,51.09,51.9,52.48,49.59,47.23
syr,Syria,20.08,21.13,22.78,22.96,23.72,24.56,25.44,26.33,27.58,28.55,29.13,29.02,29.59,30.22,31.29,31.98,32.77,33.67,35.89,37.43,39.76,40.42,40.2,39.86,39.98,40.15,41,42.01,43.17,44.32,44.83,45.39
tcd,Chad,11.4,11.24,11.52,11.81,11.66,11.59,11.79,11.95,12.18,12.39,12.64,12.88,13.06,13.42,13.53,13.75,13.86,14.16,14.44,14.56,14.88,15.08,15.29,15.44,15.67,15.82,16.03,16.24,16.46,16.66,16.88,17.03
tgo,Togo,17.05,17.4,17.54,17.62,17.72,17.66,17.68,17.82,17.92,17.96,18.18,18.35,18.42,18.57,18.51,18.67,18.95,19.37,19.95,20.55,21.01,21.4,21.57,21.72,22.12,22.42,23.17,23.87,24.32,24.89,25.36,25.86
tha,Thailand,19.83,20.78,21.4,22.27,23.06,23.94,25.04,24.98,25.85,27.62,29.03,29.82,32.19,33.64,35.14,35.34,37.47,39.26,40.11,39.97,40.66,40.95,41.04,40.92,41.41,42.15,42.79,42.94,44.15,45.61,45.97,46.08
tjk,Tajikistan,23.45,23.54,24.05,23.92,24.45,24.07,23.44,22.38,21.69,21.21,20.62,20.21,20.09,20.17,20.31,20.6,20.65,20.81,20.82,21,20.63,20.26,19.98,19.4,19.49,19.45,19.5,19.46,19.41,19.42,19.61,19.9
tkm,Turkmenistan,23.35,19.48,19.12,21.14,24.1,24.8,25.06,24.21,22.46,18.84,17.47,17.47,17.97,17.61,18.47,20.14,22.04,22.27,21.88,21.36,22.73,24.65,26.2,27.17,27.4,27.43,27.66,27.82,27.84,27.91,27.86,27.74
tls,Timor-Leste,12.42,12.68,12.98,13.26,13.52,13.48,13.59,13.68,13.92,14.08,14.08,14.17,14.01,14.37,14.21,14.21,14.43,14.96,15.32,16.5,16.77,18.36,19.28,19.83,20.28,20.29,20.57,20.83,21.14,21.53,21.49,21.6
ton,Tonga,54.67,55.95,56.67,57.82,58.69,59.14,59.65,60.51,61.85,62.25,62.16,61.64,60.73,59.79,58.89,58.41,58.01,57.92,58.02,58.58,59.05,59.21,59.44,59.53,59.66,60.01,60.41,60.92,61.59,62.48,63.02,63.6
tto,Trinidad and Tobago,52.09,50.98,49.27,54.38,57.03,57.33,55.67,52.83,53.9,52.18,51.43,50.82,51.84,53.48,57.18,54.04,54.99,58.66,60.3,60.14,60.6,61.33,60.39,62.98,64.32,66.21,69.52,68.47,68.19,68.21,68.72,68.54
tun,Tunisia,22.82,24.03,25.21,26.13,26.61,27.84,28.22,28.87,29.91,30.93,32,33.04,34.19,35.16,35.91,36.34,36.68,37.32,38.15,39.01,39.59,40.37,41.18,41.98,42.65,43.43,44.17,45.16,45.99,46.81,46.85,47.69
tur,Turkey,11.5,11.94,12.29,12.66,12.98,13.21,13.32,13.39,13.4,13.32,12.85,12.32,12.68,17.92,22.97,28.05,32.31,36.04,39.84,43.94,46.68,48.5,49.35,50.11,51.31,52.52,53.97,54.91,54.93,55.99,56.78,57.29
tuv,Tuvalu,30.49,31.27,32.08,33.02,33.8,34.86,35.62,36.5,37.03,37.62,38.11,38.23,38.42,38.4,38.31,38.07,38.33,38.55,38.84,39.37,39.83,40.28,40.58,40.87,41.34,41.82,42.31,42.69,43.11,43.63,43.81,43.96
tza,Tanzania,21.02,21.13,21.18,21.31,21.52,21.68,21.79,21.99,22.27,22.29,22.26,22.39,22.45,22.94,23.34,23.71,24,24.32,24.61,24.96,25.29,25.58,25.88,26.21,26.64,27.22,27.8,28.39,28.99,29.73,30.4,30.98
uga,Uganda,21.55,22.67,23.04,23.95,24.95,25.81,26.35,26.91,27.95,28.7,30.05,30.86,31.05,31.14,31.28,30.82,30.23,29.63,28.98,28.82,28.95,29.03,29.45,30.17,31,31.84,32.86,33.36,34.37,35.44,36.62,37.4
ukr,Ukraine,48.22,50.14,52.03,54.22,55.12,56.69,54.45,52.76,50.83,52.11,52.37,51.11,51.72,51.45,50.79,45.86,43.17,44.38,45.82,43.69,43.02,41.62,42.42,42.49,39.68,39.14,38.47,38.46,39.26,39.72,37.34,37.84
ury,Uruguay,67.35,67.67,66.06,67.41,69,70.03,70.1,71.8,73.93,72.47,75.18,72.37,74.15,72.97,75.7,75.79,74.79,73.77,72.08,72.1,71.89,71.83,70,70.23,69.91,71.97,71.35,71.7,73.1,74.44,71.09,73.99
usa,USA,124.27,124.87,123.91,125.33,127.05,128.73,127.82,125.66,123.08,122.4,122.29,123.11,122.15,121,118.65,117.19,115.09,112.81,111.97,112.57,110.56,109.49,107.21,104.48,103.16,102.27,102.18,100.45,98.27,97.06,96.34,97
uzb,Uzbekistan,24.3,24.05,23.28,23.64,23.56,22.57,22.11,21.56,21.48,21.76,23.3,23.4,23.96,24.41,24.9,25.5,23.36,22.71,21.97,21.39,21.39,21.46,21.92,22.74,23.13,24.4,25.32,26.61,26.11,25.13,25.02,24.9
vct,St. Vincent and the Grenadines,57.66,60.18,62.63,63.98,64.93,62.57,61.49,57.33,55.17,57.3,58.63,59.96,59.22,57.57,58.47,56.8,56.67,57.22,61.21,63.32,64.76,68.56,72.79,72.15,69.9,68.86,67.87,67.07,68.04,69.34,69.65,70.38
ven,Venezuela,36.19,38.02,40.03,39.06,43.05,44.71,45.48,46.24,46.91,47.07,46.91,47.06,50.37,49.02,47.21,47.91,48.98,50.31,53.61,56.11,58.02,61.68,63.53,63.4,64.65,64.88,70.14,70.23,69.67,70.75,71.91,72.99
vnm,Vietnam,13.35,13.62,13.97,14.31,14.67,15.06,15.32,15.67,16.03,16.36,16.64,17.01,17.38,17.78,18.17,18.55,18.81,19.23,19.71,20.31,21.06,21.65,22.16,22.71,23.34,24.01,24.48,24.96,25.43,25.93,26.41,26.59
vut,Vanuatu,20.39,21.39,22.25,22.84,23.92,23.61,24.09,24.36,24.69,25.12,24.47,24.86,23.74,22.84,22.96,23.96,24.2,24.85,25.23,25.35,25.62,26.32,26.68,27.01,27.38,27.67,27.9,28.21,28.57,28.96,29.22,29.41
wsm,Samoa,26.49,27.04,27.6,28.16,28.67,29.23,29.76,30.23,30.6,30.73,30.74,30.63,30.44,30.38,30.21,30,29.78,29.94,30.19,30.72,31.28,31.72,32.2,32.7,33.1,33.58,34.26,34.67,35.04,35.48,35.67,35.85
yem,Yemen,7.9,8.03,8.21,8.36,8.53,8.61,8.66,8.74,8.85,9.18,9.49,9.8,10.41,11,11.61,11.97,12.26,12.62,13.33,13.78,13.87,14.39,14.64,15.18,15.61,16.14,16.24,16.01,16.19,17.17,17.65,17.96
zaf,South Africa,26.25,26.15,27.6,26.15,26.82,24.94,24.7,26.69,26.31,26.1,27.29,27.44,28.67,30.33,31.73,32.9,34.13,34.75,35.79,36.83,37.82,38.59,39.21,40.14,41.6,42.47,42.55,41.85,41.52,41.14,42.57,42.35
zmb,Zambia,20.58,21.07,21.46,21.72,22.01,22.22,22.24,22.19,22.12,22,21.92,21.68,21.6,21.6,21.94,22.46,23.38,24.24,25.32,26.67,28.39,30.19,31.9,33.88,35.96,38.03,40.05,42.36,43.37,44.31,44.99,45.01
zwe,Zimbabwe,22.65,22.54,21.83,20.79,20.32,19.42,19.63,20.53,23.29,27.2,31.61,35.14,39.06,42.45,45.48,44.19,43.21,41.6,41.87,41.56,40.72,39.85,39.6,39.56,40.05,40.53,41.01,41.19,41.83,42.09,42,41.8
