"name","2004_bmi","2005_bmi","2006_bmi","2007_bmi","2008_bmi","2004_breast_cancer","2005_breast_cancer","2006_breast_cancer","2007_breast_cancer","2008_breast_cancer"
"Afghanistan",20.77,20.84,20.91,20.99,21.07,697.1,738.85,782.29,824.83,870.39
"Angola",22.64,22.83,23.04,23.26,23.48,761.02,796.75,846.17,897.07,974.8
"Albania",25.4,25.47,25.53,25.59,25.66,426.87,451.65,464.68,464.71,487.04
"Andorra",26.29,26.32,26.37,26.4,26.43,48.26,49.76,52.49,54.33,56.69
"UAE",29.19,29.26,29.39,29.51,29.61,381.58,408.32,434.76,494.61,551.85
"Argentina",26.93,27.06,27.19,27.33,27.47,13367.05,13617.13,13805.5,14006.54,13913.34
"Armenia",26.59,26.73,26.86,27,27.13,1332.56,1237.73,1218.01,1231.37,1291.43
"Antigua and Barbuda",26.96,27.1,27.23,27.37,27.51,28.06,27.86,28.61,30.78,31.73
"Australia",26.47,26.57,26.68,26.78,26.88,12443.94,12728.89,12929.85,13272.07,13726.82
"Austria",24.92,24.96,25.01,25.05,25.09,5210.76,5384.77,5464.05,5488.89,5434.41
"Azerbaijan",26.82,27,27.19,27.36,27.51,1132.77,1198.61,1245.93,1320.82,1407.5
"Burundi",20.98,21.06,21.13,21.2,21.28,299.47,305.82,313.09,318.19,324.32
"Belgium",25.14,25.15,25.15,25.14,25.14,9048.28,9220.91,9248.84,9502.59,9554.77
"Benin",23.36,23.46,23.56,23.65,23.74,269.87,280.69,292.42,308.09,322.72
"Burkina Faso",21.31,21.39,21.47,21.55,21.63,925.27,961.61,995.85,1025.03,1038.54
"Bangladesh",20,20.13,20.27,20.41,20.55,4352.66,4692.27,5014.19,5330.05,5655.71
"Bulgaria",25.33,25.37,25.42,25.47,25.52,4145.93,4242.1,4242.27,4342.8,4400.84
"Bahrain",28.24,28.38,28.53,28.66,28.79,180.29,194.47,216.45,234.93,254.83
"Bahamas",28.65,28.77,28.9,29.02,29.14,135.88,134.24,146.28,152.64,156.21
"Bosnia and Herzegovina",26.12,26.19,26.25,26.3,26.36,1239.1,1278.4,1338.12,1427.37,1413.15
"Belarus",26.25,26.33,26.44,26.54,26.64,3473.59,3478.57,3635.85,3728.47,3578.12
"Belize",29.21,29.36,29.51,29.66,29.82,22.29,24.15,25.84,27.64,28.84
"Bolivia",26.38,26.51,26.63,26.74,26.86,846.8,893.09,935.86,990.54,1034.13
"Brazil",25.56,25.67,25.77,25.88,25.99,31177.84,31645.96,32859.86,33784.44,35465.8
"Barbados",28.8,28.9,29.01,29.12,29.22,173.33,175.35,175.15,185.03,192.24
"Brunei",22.97,22.97,22.93,22.91,22.89,46.78,48.93,51.91,55.08,58.26
"Bhutan",22.4,22.51,22.62,22.75,22.88,22.79,23.77,24.63,25.75,27.07
"Botswana",25.71,25.81,25.89,26,26.09,127.73,127.68,127,148.48,171.16
"Central African Republic",21.89,22.01,22.14,22.27,22.4,189.07,194.54,201.87,206.14,207.76
"Canada",26.45,26.52,26.58,26.64,26.7,23045.32,23048.51,23773.89,24390.53,24519.44
"Switzerland",24.05,24.05,24.05,24.06,24.07,5644.39,5664.01,5755.48,5776.98,5952.03
"Chile",27.4,27.53,27.67,27.8,27.93,2894.05,3061.2,3157.58,3239.72,3390.75
"China",22.77,22.82,22.86,22.89,22.91,170747.6,183797.3,196221.53,208669.65,218556.7
"Cote d'Ivoire",23.38,23.49,23.6,23.71,23.82,1004.31,1064.36,1117.27,1159.48,1192.05
"Cameroon",24.33,24.49,24.65,24.8,24.95,855.78,893.69,938.59,991.61,1046.83
"Congo, Dem. Rep.",21.12,21.24,21.38,21.52,21.67,2280.92,2361.06,2474.5,2581.97,2716.61
"Congo, Rep.",22.54,22.68,22.83,22.97,23.11,300.79,321.78,340.82,363.11,381.19
"Colombia",25.99,26.04,26.1,26.16,26.23,7829.36,7762.4,8200.75,8668.59,9132.57
"Comoros",22.2,22.26,22.32,22.38,22.44,43.57,47.67,47.15,52.98,56.32
"Cape Verde",24.37,24.52,24.66,24.81,24.96,34.28,35.63,36.99,38.7,40.82
"Costa Rica",26.53,26.65,26.78,26.91,27.03,1023.58,975.44,1199.26,1109.88,1185.46
"Cuba",26.04,26.18,26.33,26.45,26.58,4073.02,4274.88,4320.53,4564.13,4785.21
"Cyprus",25.72,25.77,25.84,25.88,25.93,554.77,611.6,663.64,702.98,740.26
"Czech Republic",26.48,26.48,26.51,26.51,26.51,6004.26,6307.23,6267.04,6244.71,6309.07
"Germany",25.62,25.65,25.67,25.71,25.74,66305.07,67779.22,69421.53,71672.46,74842.11
"Djibouti",23.95,24.07,24.19,24.28,24.38,45.64,48,50.23,54.04,57.38
"Dominica",28.34,28.45,28.56,28.67,28.78,20.64,20.75,21.09,21.47,21.99
"Denmark",24.87,24.92,24.99,25.05,25.11,4163.3,4284.42,4391.48,4566.53,4694.9
"Dominican Republic",26.25,26.41,26.56,26.71,26.87,1049.59,1099.66,1160.19,1205.61,1244.9
"Algeria",25.93,26.04,26.15,26.26,26.37,2357.73,2530.75,2685.4,2834.16,2998.9
"Ecuador",26.7,26.79,26.88,26.96,27.06,1282.3,1373.35,1460.42,1441.83,1535.94
"Egypt",29.52,29.67,29.81,29.96,30.1,8830.04,9588.46,10254.88,10626.52,11141.19
"Eritrea",20.76,20.83,20.91,21,21.08,302.69,316.89,328.73,340.5,354.89
"Spain",26.17,26.21,26.25,26.28,26.31,24178.45,24990.39,26095.09,26807.8,27259.72
"Estonia",25.03,25.08,25.11,25.15,25.19,619.9,639.91,657.06,674.46,678.37
"Ethiopia",20.34,20.43,20.52,20.61,20.71,3077.7,3183.35,3294.53,3416.97,3545.36
"Finland",25.47,25.5,25.53,25.56,25.58,3907.85,4054.01,4138.81,4229.41,4269.58
"Fiji",28.5,28.72,28.94,29.14,29.34,149.89,155.32,160.82,167.82,175.25
"France",24.77,24.79,24.81,24.82,24.83,48622.56,50737.94,53158.68,54101.62,55596.71
"Micronesia, Fed. Sts.",30.59,30.77,30.95,31.11,31.28,14.02,14.36,14.71,15.12,15.52
"Gabon",25.24,25.41,25.58,25.76,25.95,141.3,142.46,146.99,151.17,156.54
"UK",26.6,26.68,26.77,26.86,26.94,48613.12,49724.85,50938.65,51319.29,51638.94
"Georgia",26,26.12,26.22,26.34,26.45,1813.37,1670.83,1588.78,1570.27,1814.52
"Ghana",23.76,23.9,24.05,24.19,24.33,1700.74,1753.07,1801.34,1863.1,1903.39
"Guinea",22.12,22.2,22.29,22.37,22.45,457,466.03,479.7,491.33,502.38
"Gambia",24.01,24.21,24.41,24.62,24.82,37.77,40.05,40.69,42.66,42.92
"Guinea-Bissau",22.59,22.67,22.75,22.83,22.93,69.54,71.94,74.9,77.9,80.61
"Equatorial Guinea",23.72,23.95,24.16,24.35,24.53,49.62,53.06,56.69,60.11,65.19
"Greece",24.81,24.85,24.87,24.9,24.92,8400.95,8445.74,8403.74,8353.35,8468.13
"Grenada",26.78,26.89,27.01,27.17,27.32,26.1,26.32,28.05,29.95,30.98
"Guatemala",26.24,26.39,26.54,26.69,26.84,688.18,743.02,794.9,750.54,798.45
"Guyana",26.1,26.19,26.29,26.38,26.47,110.34,114.56,112.03,123.82,126.14
"Honduras",26.22,26.35,26.47,26.6,26.73,498.38,524.56,550.18,578.16,612.41
"Croatia",24.94,25.01,25.07,25.13,25.18,2545.8,2612.58,2591.15,2679.95,2723.49
"Haiti",22.87,22.97,23.07,23.17,23.28,986.12,1027.7,1058.92,1097.46,1129.64
"Hungary",25.73,25.79,25.87,25.92,25.98,6023.68,5914.04,5765.35,5940.42,5829.71
"Indonesia",22.59,22.69,22.78,22.88,22.99,23832.36,24699.52,25624.91,26737.84,27898.17
"India",21.13,21.17,21.22,21.27,21.31,58143.68,60650.39,64120.61,67908.03,71451.59
"Ireland",26.33,26.39,26.47,26.55,26.62,2494.57,2637.82,2745.95,2786.3,3012.62
"Iran",26.49,26.68,26.86,27.05,27.24,7236.47,7662.54,8187.97,8866.46,9739.39
"Iraq",28.08,28.15,28.23,28.32,28.41,3044.44,3199.81,3366.14,3561.66,3812.35
"Iceland",25.67,25.77,25.86,25.95,26.03,160.22,164.29,170.35,182.15,188.16
"Israel",26.93,27.03,27.11,27.21,27.3,3380.81,3538.07,3625,3794.09,3804.66
"Italy",24.78,24.79,24.79,24.79,24.79,48122.85,49362.27,50818.16,52350.09,53145.18
"Jamaica",26.83,26.93,27.03,27.13,27.23,704.11,682.87,673.7,697.38,755.7
"Jordan",29.15,29.17,29.19,29.2,29.22,896.76,996.17,1075.6,1098.73,1201.31
"Japan",21.91,21.9,21.89,21.88,21.87,52004.91,54754.6,57640.34,59715.25,62045.39
"Kazakhstan",26.06,26.2,26.35,26.51,26.65,2698.5,2891.71,3041.99,3100.42,3151.13
"Kenya",22.77,22.84,22.91,22.99,23.06,1598.81,1674.93,1749.75,1834.37,1940.79
"Kyrgyz Republic",25.39,25.46,25.53,25.6,25.68,510.38,512.62,547.42,560.65,570.63
"Cambodia",21.27,21.38,21.49,21.59,21.7,1066.86,1133.94,1197,1273.38,1343.78
"Kiribati",30.49,30.7,30.91,31.11,31.31,11.03,11.34,11.74,12.19,12.68
"St. Kitts and Nevis",29.94,30.08,30.21,30.36,30.51,13.48,13.88,15.03,16.2,16.58
"South Korea",23.09,23.15,23.22,23.28,23.33,7417.08,8318.79,9162.66,10002.08,10729.76
"Kuwait",30.57,30.72,30.87,31.01,31.16,414.67,400.49,455.21,531.87,607.61
"Lao",21.62,21.72,21.83,21.93,22.03,371.84,391.56,412.01,434.3,458.02
"Lebanon",27.36,27.46,27.53,27.62,27.7,1433.22,1524.54,1605.23,1695.27,1792.46
"Liberia",22.83,22.91,23.01,23.11,23.22,122.79,127.03,133.48,141.1,150.74
"Libya",28.74,28.85,28.96,29.08,29.2,628.08,671.97,709.78,775.97,848.79
"St. Lucia",26.76,26.88,27,27.11,27.22,37.02,37.17,38.42,39.16,41.31
"Sri Lanka",22.84,22.9,22.97,23.04,23.12,2243.31,2436.31,2588.23,2679.73,2814.73
"Lesotho",26.47,26.54,26.62,26.7,26.78,189.02,194.7,195.99,194.88,196.32
"Lithuania",25.86,25.92,25.96,25.99,26.01,1477.61,1544.09,1503.57,1558.41,1652.04
"Luxembourg",25.89,25.95,26,26.05,26.09,302.67,310.57,329.94,331.72,349.53
"Latvia",25.29,25.38,25.47,25.55,25.62,1032.08,1036.25,1114.42,1073.22,1094.2
"Morocco",25.85,25.94,26.04,26.13,26.22,2089.18,2220.34,2358.08,2523.91,2682.06
"Moldova",26.63,26.75,26.87,26.96,27.06,1082.25,1115.44,1174.98,1227.1,1298.27
"Madagascar",20.68,20.7,20.71,20.72,20.74,819.36,829.15,850.47,887.02,932.74
"Maldives",25.82,25.95,26.1,26.26,26.41,17.54,18.66,19.97,21.17,22.32
"Mexico",28.24,28.37,28.49,28.62,28.74,16610.9,17315.17,17914.24,18245.12,19418.66
"Marshall Islands",30.56,30.77,30.98,31.19,31.39,5.45,5.65,5.86,6.03,6.22
"North Macedonia",25.21,25.24,25.28,25.33,25.38,846.76,878.06,930.38,986.5,992.65
"Mali",22.32,22.5,22.69,22.89,23.08,616.47,632.82,655,683.78,716.27
"Malta",26.95,26.97,27,27.03,27.05,261.81,276.62,287.64,290.47,293.07
"Myanmar",21.88,22.03,22.19,22.34,22.48,5716.04,5881.04,6043.3,6152.75,6260.45
"Montenegro",25.48,25.52,25.57,25.63,25.7,338.46,344.66,353.72,357.18,364.04
"Mongolia",25.36,25.44,25.53,25.62,25.71,85.82,92.38,99.4,104.75,109.14
"Mozambique",22.74,22.89,23.04,23.18,23.32,866.84,903.31,936.06,987.29,1047.42
"Mauritania",25.71,25.85,25.99,26.13,26.26,159.73,165.21,173.88,177.77,182.89
"Mauritius",25.77,25.85,25.94,26.02,26.1,275.63,279.16,268.61,260.31,285.94
"Malawi",22.46,22.56,22.67,22.79,22.91,491.73,499.69,515.83,541.67,572.99
"Malaysia",25.04,25.13,25.24,25.34,25.45,4063.55,4256.51,4436.65,4588.34,4809.99
"Namibia",24.64,24.77,24.9,25.03,25.15,195.2,205.2,211.21,221.33,235.59
"Niger",21.7,21.79,21.86,21.9,21.96,300.73,316.66,332.6,350.94,357.98
"Nigeria",23.38,23.46,23.53,23.6,23.67,8826.1,9213.26,9641.3,10206.56,10676.26
"Nicaragua",27.07,27.2,27.32,27.45,27.57,412.29,443.93,445.19,495.55,534.49
"Netherlands",25.23,25.29,25.34,25.41,25.47,12889.43,13141.61,13510.76,13620.89,13948.71
"Norway",25.47,25.55,25.62,25.68,25.74,2777.11,2847.87,2850.84,2878.26,2854.57
"Nepal",20.35,20.44,20.54,20.63,20.73,824.89,862.99,904.22,957.75,1017.05
"Nauru",34.08,34.32,34.55,34.79,35.02,1.63,1.63,1.63,1.63,1.64
"New Zealand",26.94,27.05,27.15,27.27,27.37,2667.12,2741.07,2764.38,2822.68,2872.59
"Oman",26.49,26.53,26.57,26.62,26.67,97.51,97.49,99.25,103.89,111.17
"Pakistan",23.18,23.24,23.31,23.38,23.45,16010.91,16455.7,16956.39,17585.17,18400.13
"Panama",27.04,27.2,27.35,27.51,27.68,680.53,689.98,710.04,764.71,822.93
"Peru",25.88,25.9,25.93,25.96,25.99,2763.98,2857.11,2901.49,2907.01,3115.87
"Philippines",23.15,23.22,23.3,23.38,23.47,10024.58,10331.19,10583.53,10896.12,11388.52
"Palau",30.94,31.16,31.38,31.61,31.85,6.02,6.11,6.1,6.1,6.09
"Papua New Guinea",25.16,25.31,25.46,25.62,25.77,435.13,444.9,454.55,469.98,478.51
"Poland",25.79,25.83,25.86,25.89,25.92,15357.52,16023.42,16533.79,16771.99,16983.16
"North Korea",21.27,21.26,21.26,21.25,21.25,2619.69,2764.48,2916.4,3064.49,3214.18
"Portugal",26.05,26.09,26.12,26.15,26.18,6048.27,6867.54,7183.38,7099.06,7069.34
"Paraguay",25.54,25.63,25.71,25.81,25.91,721.23,745.64,775.46,792.96,827.31
"Palestine",28.78,28.86,28.91,28.96,29.03,449.52,470.82,494.25,529.1,569.21
"Qatar",28.52,28.62,28.72,28.82,28.91,105.16,117.63,140.69,169.22,190.25
"Romania",25.03,25.08,25.14,25.18,25.22,7310.07,7592.95,7512.9,7459.72,7581.78
"Russia",26.81,26.91,27,27.11,27.21,55060.93,59378.78,57905.08,57633.99,60055.42
"Rwanda",21.75,21.84,21.92,22,22.07,545.57,566.14,593.1,622.16,654.33
"Saudi Arabia",29.04,29.18,29.32,29.46,29.6,1676.36,1820.94,1973.14,2160.78,2357.22
"Sudan",22.7,22.81,22.92,23.04,23.16,940.32,969.9,1007.93,1062.15,1134.98
"Senegal",23.8,23.94,24.06,24.19,24.31,535.05,546.5,555.12,587.22,621.69
"Singapore",23.14,23.07,23,22.94,22.87,1274.66,1344.14,1457.71,1487.1,1620.05
"Solomon Islands",28.18,28.34,28.51,28.69,28.88,28.16,29.25,30.85,31.76,32.11
"Sierra Leone",23.27,23.42,23.59,23.76,23.93,210.52,221.27,230.32,241.27,246.21
"El Salvador",27.2,27.37,27.52,27.68,27.84,801.72,836.31,874.46,912.92,937.78
"Somalia",22.34,22.42,22.5,22.58,22.67,399.93,410.12,423.24,437.32,454.38
"Serbia",25.47,25.5,25.55,25.6,25.67,4700.46,4979.16,5088.44,5119.08,5244.56
"Sao Tome and Principe",24.25,24.41,24.57,24.72,24.88,8.56,8.47,9.03,9.45,9.69
"Suriname",27.21,27.34,27.47,27.61,27.75,77.48,79.36,81.17,83.42,87.33
"Slovak Republic",26.13,26.17,26.22,26.28,26.32,2215.1,2278.21,2338.86,2449,2416.66
"Slovenia",26.47,26.5,26.52,26.56,26.58,1228.18,1218.05,1196.2,1250.59,1250.73
"Sweden",25.04,25.06,25.09,25.12,25.15,6986.42,7025.69,7025.16,6995.79,7127.76
"Eswatini",27.99,28.1,28.22,28.34,28.45,98.6,102.09,103.04,104.54,105.01
"Seychelles",27.55,27.64,27.75,27.86,27.97,18.47,19.3,20.12,20.91,21.46
"Syria",28.48,28.59,28.7,28.78,28.87,1534.62,1624.44,1724.32,1847.46,2056.71
"Chad",21.45,21.59,21.72,21.84,21.95,274.72,285.16,293.78,308.05,321.48
"Togo",22.3,22.4,22.52,22.63,22.74,253.63,265.63,279.65,298.35,319.83
"Thailand",24.11,24.18,24.25,24.32,24.39,12766.83,13148.79,14331.85,15443.39,16275.5
"Tajikistan",23.51,23.6,23.69,23.77,23.85,394.49,412.91,428.38,446.87,463.61
"Turkmenistan",24.24,24.36,24.47,24.57,24.66,311.46,350.73,396.25,405.34,409.15
"Timor-Leste",21.34,21.38,21.4,21.45,21.51,38.59,40.21,42.32,45.63,48.42
"Tonga",33.35,33.58,33.8,34.03,34.26,21.86,21.93,22.04,22.26,22.55
"Trinidad and Tobago",27.78,27.91,28.04,28.16,28.28,382.55,370.1,387.04,421.76,442.29
"Tunisia",27.49,27.6,27.72,27.83,27.94,1595.61,1661.5,1726.26,1806.59,1898.82
"Turkey",28.01,28.06,28.12,28.18,28.25,7195.39,9071.6,10763.09,12344.64,14018.89
"Tanzania",22.7,22.8,22.89,22.99,23.08,2193.73,2293.56,2389.96,2496.57,2604.76
"Uganda",22.12,22.21,22.3,22.39,22.48,1688.58,1709.75,1731.3,1758.26,1770.58
"Ukraine",25.85,25.95,26.05,26.15,26.23,19960.43,17999.5,16981.61,17460.89,18003.92
"Uruguay",26.08,26.19,26.32,26.45,26.59,1737.38,1759.43,1755.25,1743.68,1715.3
"USA",27.97,28.07,28.17,28.26,28.34,242757.26,244243.97,244163.09,244131.05,247034.75
"Uzbekistan",25.02,25.11,25.21,25.33,25.43,2444.62,2576.1,2454.37,2480.34,2464.7
"St. Vincent and the Grenadines",26.96,27.1,27.24,27.38,27.52,28.26,28.15,28.9,29.9,32.71
"Venezuela",27.55,27.69,27.83,27.98,28.13,4768.81,5018.1,5345.4,5648.18,6244.02
"Vietnam",20.67,20.77,20.87,20.98,21.07,6629.13,6977.58,7306.66,7708.23,8141.31
"Vanuatu",27.63,27.83,28.04,28.25,28.46,13.36,14.51,15.18,16.18,17
"Samoa",32.67,32.95,33.2,33.44,33.66,18.27,18.5,18.71,19.14,19.59
"Yemen",25.75,25.85,25.94,26.02,26.11,559,597.37,634.3,676.99,745.77
"South Africa",28.81,28.97,29.14,29.31,29.48,6182.39,6514.46,6878.18,7112.06,7466.71
"Zambia",22.64,22.74,22.85,22.95,23.05,508.66,540.06,583.92,630.31,687.08
"Zimbabwe",24.64,24.64,24.64,24.64,24.65,1450.38,1419.76,1402.08,1361.08,1396.95
